Floor Number,temperature
0,16.660585805996522
1,12.022829167175978
2,14.883055177892183
3,14.66779521688416