Floor Number,co2
0,369.4172122568718
1,347.54653885527443
2,419.66010614462556
3,346.05337232460295